<?xml version="1.0" encoding="UTF-8"?>


<intro>
<p><start><big>C</big>omputer users today expect</start> to interact
with their computers using a graphical user interface (GUI).  Java can
be used to write sophisticated GUI programs.</p>
   
<p>GUI programs
differ from traditional "straight-through" programs that you have 
encountered in the first few chapters of this book.  One big difference is
that GUI programs are <newword>event-driven</newword>. That is, user actions such as
clicking on a button or pressing a key on the keyboard generate events, and the
program must respond to these events as they occur.</p>

<p>Event-driven programming builds on all the skills you have learned in the
first five chapters of this text. You need to be able to write the methods
that respond to events. Inside those methods, you are doing the kind of
programming-in-the-small that was covered in <localref href="basics"/>
and <localref href="control"/>.
And of course, objects are everywhere in GUI programming.  
Events are objects. Colors and fonts are objects.  GUI components such as buttons and
menus are objects.  Events are handled by instance methods contained in objects. 
In Java, GUI programming is object-oriented programming.</p>

<p>This chapter covers the basics of GUI programming.
The discussion  will continue in <localref href="GUI2"/> 
with more details and with more advanced
techniques.</p>

<p>This edition of this textbook covers GUI programming using the Swing GUI toolkit,
which is a standard part of Java and has been included in the JDK since Java&nbsp;2.
An alternative edition covers JavaFX instead of Swing.  That edition can be found
at <a href="https://math.hws.edu/javanotes9">https://math.hws.edu/javanotes9</a>.
The only really significant differences between the two editions are in this
chapter and in <localref href="GUI2"/>.</p>

</intro>