<?xml version="1.0" encoding="UTF-8"?>


<intro>
<p><start><big>T</big>he basic building blocks</start> of programs&mdash;variables,
expressions, assignment statements, and subroutine call statements&mdash;were
covered in the previous chapter. Starting with this chapter, we look at how
these building blocks can be put together to build complex programs with more
interesting behavior.</p>

<p>Since we are still working on the level of "programming in the small" in
this chapter, we are interested in the kind of complexity that can occur within
a single subroutine. On this level, complexity is provided by <newword>control structures</newword>. 
The two types of control structures, loops
and branches, can be used to repeat a sequence of statements over and over or
to choose among two or more possible courses of action. Java includes several
control structures of each type, and we will look at each of them in some
detail.</p>

<p>Program complexity can be seen not just in control structures but also in
<newword>data structures</newword>.  A data structure is an organized collection 
of data, chunked together so that it can be treated as a unit.  
<localref href="control.7a"/> in this chapter includes an introduction to one of the most common data structures:
<newword>arrays</newword>.</p>

<p>The chapter will also begin the study of program design. Given a problem,
how can you come up with a program to solve that problem? We'll look at a
partial answer to this question in <localref href="control.2"/>.  Finally,
<localref href="control.8"/> is a very brief first look at GUI programming.
</p>

</intro>